"naics_code","naics_desc","net_income_private","net_income_public","net_income_total","deprec_private","deprec_public","deprec_total","nonaccrued_private","nonaccrued_public","nonaccrued_total","donations_private","donations_public","donations_total","indirect_business_taxes","subsidies","gross_prod_nonrev","stat_discrepancy","gross_prod"
"11"," Agriculture",664221,51601.9239480272,715822.923948027,352,2331,2683,0,0,0,0,768,768,268,6905,712636.923948027,0,712636.923948027
"1110000","Crop Production",329963.368166536,0,329963.368166536,190,0,190,0,0,0,0,0,0,149,3480,326822.368166536,0,326822.368166536
"1112000"," Vegetable and Melon Farming",58876.7237599595,0,58876.7237599595,21,0,21,0,0,0,0,0,0,15,449,58463.7237599595,NA,58463.7237599595
"1113000"," Fruit and Tree Nut Farming",224379.447243587,0,224379.447243587,153,0,153,0,0,0,0,0,0,120,2600,222052.447243587,NA,222052.447243587
"1114000"," ""Greenhouse, Nursery, and Floriculture Production",46707.1971629899,0,46707.1971629899,16,NA,16,0,NA,0,0,NA,0,14,431,46306.1971629899,NA,46306.1971629899
"1120000"," Animal Production",328621.214341639,0,328621.214341639,161,0,161,0,0,0,0,0,0,117,2622,326277.214341639,0,326277.214341639
"1121000"," Cattle Ranching and Farming",221250.655920416,0,221250.655920416,106,NA,106,0,NA,0,0,NA,0,70,1618,219808.655920416,NA,219808.655920416
"1122000"," Hog and Pig Farming",23146.9561092433,0,23146.9561092433,10,NA,10,0,NA,0,0,NA,0,7,182,22981.9561092433,NA,22981.9561092433
"1129000"," Other Animal Production",84223.602311979,0,84223.602311979,45,NA,45,0,NA,0,0,NA,0,40,822,83486.602311979,NA,83486.602311979
"1130000"," Forestry and Logging",171.974301109934,0,171.974301109934,0,NA,0,0,NA,0,0,NA,0,0,1,170.974301109934,NA,170.974301109934
"1140000"," ""Fishing, Hunting and Trapping""",998.845806659605,0,998.845806659605,1,0,1,0,0,0,0,0,0,2,25,976.845806659605,NA,976.845806659605
"1141000"," Fishing",998.845806659605,0,998.845806659605,1,NA,1,0,NA,0,0,NA,0,2,25,976.845806659605,NA,976.845806659605
"1142000"," Hunting and Trapping",0,0,0,0,NA,0,0,NA,0,0,NA,0,0,0,0,NA,0
"1150000"," Support Activities for Agriculture and Forestry",4465.59738405564,51601.9239480272,56067.5213320828,0,2331,2331,0,0,0,0,768,768,0,777,58389.5213320828,NA,58389.5213320828
"1151000"," Support Activities for Crop Production",2802.77156542164,51601.9239480272,54404.6955134488,0,2331,2331,0,0,0,0,768,768,0,766,56737.6955134488,NA,56737.6955134488
"1152000"," Support Activities for Animal Production",1662.825818634,0,1662.825818634,0,NA,0,0,NA,0,0,NA,0,0,11,1651.825818634,NA,1651.825818634
"1153000"," Support Activities for Forestry",0,0,0,0,NA,0,0,NA,0,0,NA,0,0,0,0,NA,0
"21"," Mining",14378,0,14378,12013,0,12013,521,0,521,42,0,42,4886,179,31661,NA,31661
"2120000"," Mining (except Oil and Gas)",13549.1003575077,0,13549.1003575077,11992,0,11992,521,0,521,42,0,42,4877,177,30804.1003575077,NA,30804.1003575077
"2121000"," Coal Mining",0,0,0,0,NA,0,0,NA,0,0,NA,0,0,0,0,NA,0
"2122000"," Metal Ore Mining",0,0,0,0,NA,0,0,NA,0,0,NA,0,0,0,0,NA,0
"2123000"," Nonmetallic Mineral Mining and Quarrying",13549.1003575077,0,13549.1003575077,11992,NA,11992,521,NA,521,42,NA,42,4877,177,30804.1003575077,NA,30804.1003575077
"2130000"," Support Activities for Mining",828.899642492339,0,828.899642492339,21,NA,21,0,NA,0,0,NA,0,9,2,856.899642492339,NA,856.899642492339
"22","Utilities",269003,841374.19775897,1110377.19775897,30139,567069,597208,316,43795,44111,0,1322,1322,10867,11771,1752114.19775897,NA,1752114.19775897
"2211000"," ""Electric Power Generation, Transmission and Dist",254645.786610107,757450.488020026,1012096.27463013,28776,344653,373429,315,15471,15786,0,0,0,10193,9453,1402051.27463013,NA,1402051.27463013
"2212000"," Natural Gas Distribution",1825.48668124572,0,1825.48668124572,356,NA,356,1,NA,1,0,NA,0,324,41,2465.48668124572,NA,2465.48668124572
"2213000"," ""Water, Sewage and Other Systems""",12531.7267086473,83923.7097389438,96455.4364475911,1007,222416,223423,0,28324,28324,0,1322,1322,350,2277,347597.436447591,NA,347597.436447591
"23"," Construction",1103515,0,1103515,144687,0,144687,31581,0,31581,1838,0,1838,109687,10108,1381200,NA,1381200
"2361000"," Residential Building Construction",334562.4903366,0,334562.4903366,44298,NA,44298,9865,NA,9865,914,NA,914,33564,2914,420289.4903366,NA,420289.4903366
"2362000"," Nonresidential Building Construction",210117.786239549,0,210117.786239549,36969,NA,36969,6233,NA,6233,256,NA,256,25424,2174,276825.786239549,NA,276825.786239549
"2371000"," Utility System Construction",50328.4265135489,0,50328.4265135489,1403,NA,1403,1921,NA,1921,10,NA,10,1105,378,54389.4265135489,NA,54389.4265135489
"2372000"," Land Subdivision",19867.6893896876,0,19867.6893896876,1056,NA,1056,335,NA,335,13,NA,13,1373,254,22390.6893896876,NA,22390.6893896876
"2373000"," ""Highway, Street, and Bridge Construction""",108853.534660162,0,108853.534660162,19447,NA,19447,1228,NA,1228,192,NA,192,13843,1033,142530.534660162,NA,142530.534660162
"2379000"," Other Heavy and Civil Engineering Construction",10339.9220883881,0,10339.9220883881,400,NA,400,19,NA,19,0,NA,0,2695,14,13439.9220883881,NA,13439.9220883881
"2381000"," ""Foundation, Structure, and Building Exterior Con",47114.8360028206,0,47114.8360028206,12409,NA,12409,2331,NA,2331,30,NA,30,9690,419,71155.8360028206,NA,71155.8360028206
"2382000"," Building Equipment Contractors",266798.728028897,0,266798.728028897,22360,NA,22360,6337,NA,6337,329,NA,329,16633,2415,310042.728028897,NA,310042.728028897
"2383000"," Building Finishing Contractors",25880.5422009239,0,25880.5422009239,1144,NA,1144,1649,NA,1649,25,NA,25,1065,247,29516.5422009239,NA,29516.5422009239
"2389000"," Other Specialty Trade Contractors",29651.0445394235,0,29651.0445394235,5201,NA,5201,1663,NA,1663,69,NA,69,4295,260,40619.0445394235,NA,40619.0445394235
"31-33","Manufacturing",44514531,0,44514531,2271559,0,2271559,0,0,0,1876,0,1876,1641681,432864,47996783,NA,47996783
"3110000"," Food Manufacturing",754057.385685646,0,754057.385685646,63177,0,63177,0,0,0,317,0,317,48126,6371,859306.385685646,NA,859306.385685646
"3111000"," Animal Food Manufacturing",76423.970105607,0,76423.970105607,9037,NA,9037,0,NA,0,18,NA,18,8873,650,93701.970105607,NA,93701.970105607
"3113000"," Sugar and Confectionery Product Manufacturing",12992.0840344294,0,12992.0840344294,754,0,754,0,0,0,8,0,8,555,92,14217.0840344294,NA,14217.0840344294
"3114000"," Fruit and Vegetable Preserving and Specialty Food",54992.3260796308,0,54992.3260796308,5654,0,5654,0,0,0,51,0,51,3790,390,64097.3260796308,NA,64097.3260796308
"3115000"," Dairy Product Manufacturing",48484.7829143892,0,48484.7829143892,3856,NA,3856,0,NA,0,4,NA,4,3290,399,55235.7829143892,NA,55235.7829143892
"3116000"," Animal Slaughtering and Processing",39755.4939314497,0,39755.4939314497,3340,NA,3340,0,NA,0,24,NA,24,3720,447,46392.4939314497,NA,46392.4939314497
"3118000"," Bakeries and Tortilla Manufacturing",161283.826282392,0,161283.826282392,11504,NA,11504,0,NA,0,172,NA,172,6783,1352,178390.826282392,NA,178390.826282392
"3119000"," Other Food Manufacturing",360124.902337748,0,360124.902337748,29032,0,29032,0,0,0,40,0,40,21115,3041,407270.902337748,NA,407270.902337748
"3120000"," Beverage and Tobacco Product Manufacturing",1136358.97687383,0,1136358.97687383,185149,0,185149,0,0,0,500,0,500,134714,8760,1447961.97687383,NA,1447961.97687383
"3121000"," Beverage Manufacturing",1070350.91031682,0,1070350.91031682,183362,NA,183362,0,NA,0,499,NA,499,131980,7755,1378436.91031682,NA,1378436.91031682
"3122000"," Tobacco Manufacturing",66008.0665570044,0,66008.0665570044,1787,NA,1787,0,NA,0,1,NA,1,2734,1005,69525.0665570044,NA,69525.0665570044
"3130000","Textile Mills",729.045726883821,0,729.045726883821,15,0,15,0,0,0,0,0,0,24,4,764.045726883821,NA,764.045726883821
"3131000"," ""Fiber, Yarn, and Thread Mills""",729.045726883821,0,729.045726883821,15,NA,15,0,NA,0,0,NA,0,24,4,764.045726883821,NA,764.045726883821
"3132000"," Fabric Mills",0,0,0,0,NA,0,0,NA,0,0,NA,0,0,0,0,NA,0
"3133000"," Textile and Fabric Finishing and Fabric Coating M",0,0,0,0,NA,0,0,NA,0,0,NA,0,0,0,0,NA,0
"3140000","Textile Product Mills",8111.12904736611,0,8111.12904736611,563,0,563,0,0,0,79,0,79,506,82,9177.12904736611,NA,9177.12904736611
"3141000"," Textile Furnishings Mills",5274.2951914235,0,5274.2951914235,149,NA,149,0,NA,0,1,NA,1,126,39,5511.2951914235,NA,5511.2951914235
"3149000"," Other Textile Product Mills",2836.83385594261,0,2836.83385594261,414,NA,414,0,NA,0,78,NA,78,380,43,3665.83385594261,NA,3665.83385594261
"3150000"," Apparel Manufacturing",178633.916028398,0,178633.916028398,16238,0,16238,0,0,0,7,0,7,11120,2178,203820.916028398,NA,203820.916028398
"3151000"," Apparel Knitting Mills",178633.916028398,0,178633.916028398,16238,NA,16238,0,NA,0,7,NA,7,11120,2178,203820.916028398,NA,203820.916028398
"3152000"," Cut and Sew Apparel Manufacturing",0,0,0,0,NA,0,0,NA,0,0,NA,0,0,0,0,NA,0
"3159000"," Apparel Accessories and Other Apparel Manufacturi",0,0,0,0,NA,0,0,NA,0,0,NA,0,0,0,0,NA,0
"3160000"," Leather and Allied Product Manufacturing",14074.7323440882,0,14074.7323440882,751,0,751,0,0,0,0,0,0,1016,168,15673.7323440882,NA,15673.7323440882
"3161000"," Leather and Hide Tanning and Finishing",0,0,0,0,NA,0,0,NA,0,0,NA,0,0,0,0,NA,0
"3162000"," Footwear Manufacturing",12034.7323440882,0,12034.7323440882,660,NA,660,0,NA,0,0,NA,0,985,157,13522.7323440882,NA,13522.7323440882
"3169000"," Other Leather and Allied Product Manufacturing",2040,0,2040,91,NA,91,0,NA,0,0,NA,0,31,11,2151,NA,2151
"3210000"," Wood Product Manufacturing",17396.9930775689,0,17396.9930775689,2335,0,2335,0,0,0,6,0,6,1557,133,21161.9930775689,NA,21161.9930775689
"3211000"," Sawmills and Wood Preservation",3059.96361725582,0,3059.96361725582,211,NA,211,0,NA,0,0,NA,0,157,12,3415.96361725582,NA,3415.96361725582
"3219000"," Other Wood Product Manufacturing",14337.0294603131,0,14337.0294603131,2124,NA,2124,0,NA,0,6,NA,6,1400,121,17746.0294603131,NA,17746.0294603131
"3220000"," Paper Manufacturing",35621.2760690644,0,35621.2760690644,6816,0,6816,0,0,0,10,0,10,4034,280,46201.2760690644,NA,46201.2760690644
"3221000"," ""Pulp, Paper, and Paperboard Mills""",13734.5561419441,0,13734.5561419441,694,NA,694,0,NA,0,0,NA,0,403,89,14742.5561419441,NA,14742.5561419441
"3222000"," Converted Paper Product Manufacturing",21886.7199271203,0,21886.7199271203,6122,NA,6122,0,NA,0,10,NA,10,3631,191,31458.7199271203,NA,31458.7199271203
"3231000"," Printing and Related Support Activities",67318.0996498803,0,67318.0996498803,11308,NA,11308,0,NA,0,98,NA,98,9835,774,87785.0996498803,NA,87785.0996498803
"3241000"," Petroleum and Coal Products Manufacturing",46907.5581295728,0,46907.5581295728,160391,NA,160391,0,NA,0,71,NA,71,126216,417,333168.558129573,NA,333168.558129573
"3250000","Chemical Manufacturing",28900403.1945991,0,28900403.1945991,1489405,0,1489405,0,0,0,204,0,204,1037596,325970,31101638.1945991,NA,31101638.1945991
"3251000"," Basic Chemical Manufacturing",4073141.6253377,0,4073141.6253377,47104,NA,47104,0,NA,0,19,NA,19,34957,39895,4115326.6253377,NA,4115326.6253377
"3252000"," ""Resin, Synthetic Rubber, and Artificial Syntheti",13889.4074753117,0,13889.4074753117,1346,NA,1346,0,NA,0,2,NA,2,312,78,15471.4074753117,NA,15471.4074753117
"3253000"," ""Pesticide, Fertilizer, and Other Agricultural Ch",371407,0,371407,22425,NA,22425,0,NA,0,9,NA,9,17238,2637,408442,NA,408442
"3254000"," Pharmaceutical and Medicine Manufacturing",24330652.4033344,0,24330652.4033344,1399804,NA,1399804,0,NA,0,78,NA,78,971684,282355,26419863.4033344,NA,26419863.4033344
"3255000"," ""Paint, Coating, and Adhesive Manufacturing""",69676.3086022058,0,69676.3086022058,4616,NA,4616,0,NA,0,93,NA,93,4107,501,77991.3086022058,NA,77991.3086022058
"3256000"," ""Soap, Cleaning Compound, and Toilet Preparation",37694.0450129367,0,37694.0450129367,14009,NA,14009,0,NA,0,0,NA,0,9220,416,60507.0450129367,NA,60507.0450129367
"3259000"," Other Chemical Product and Preparation Manufactur",3942.40483656323,0,3942.40483656323,101,NA,101,0,NA,0,3,NA,3,78,88,4036.40483656323,NA,4036.40483656323
"3260000","Plastics and Rubber Products Manufacturing",70217.5532861557,0,70217.5532861557,23269,0,23269,0,0,0,34,0,34,16550,589,109481.553286156,NA,109481.553286156
"3261000"," Plastics Product Manufacturing",67247.8633162557,0,67247.8633162557,23135,NA,23135,0,NA,0,33,NA,33,16460,564,106311.863316256,NA,106311.863316256
"3262000"," Rubber Product Manufacturing",2969.68996989999,0,2969.68996989999,134,NA,134,0,NA,0,1,NA,1,90,25,3169.68996989999,NA,3169.68996989999
"3270000","Nonmetallic Mineral Product Manufacturing",75518.9823683624,0,75518.9823683624,20021,0,20021,0,0,0,60,0,60,29796,406,124989.982368362,NA,124989.982368362
"3271000"," Clay Product and Refractory Manufacturing",531.672492474998,0,531.672492474998,119,NA,119,0,NA,0,0,NA,0,8,1,657.672492474998,NA,657.672492474998
"3272000"," Glass and Glass Product Manufacturing",3233.90447958968,0,3233.90447958968,328,NA,328,0,NA,0,2,NA,2,178,15,3726.90447958968,NA,3726.90447958968
"3273000"," Cement and Concrete Product Manufacturing",62856.9165253051,0,62856.9165253051,19193,NA,19193,0,NA,0,57,NA,57,29347,333,111120.916525305,NA,111120.916525305
"3274000"," Lime and Gypsum Product Manufacturing",0,0,0,0,NA,0,0,NA,0,0,NA,0,0,0,0,NA,0
"3279000"," Other Nonmetallic Mineral Product Manufacturing",8896.48887099261,0,8896.48887099261,381,NA,381,0,NA,0,1,NA,1,263,57,9484.48887099261,NA,9484.48887099261
"3310000"," Primary Metal Manufacturing",147862.293763529,0,147862.293763529,14886,0,14886,0,0,0,4,0,4,11621,1464,172909.293763529,NA,172909.293763529
"3311000"," Iron and Steel Mills and Ferroalloy Manufacturing",147862.293763529,0,147862.293763529,14886,NA,14886,0,NA,0,4,NA,4,11621,1464,172909.293763529,NA,172909.293763529
"3312000"," Steel Product Manufacturing from Purchased Steel",0,0,0,0,NA,0,0,NA,0,0,NA,0,0,0,0,NA,0
"3313000"," Alumina and Aluminum Production and Processing",0,0,0,0,NA,0,0,NA,0,0,NA,0,0,0,0,NA,0
"3314000"," Nonferrous Metal (except Aluminum) Production and",0,0,0,0,NA,0,0,NA,0,0,NA,0,0,0,0,NA,0
"3315000"," Foundries",0,0,0,0,NA,0,0,NA,0,0,NA,0,0,0,0,NA,0
"3320000"," Fabricated Metal Product Manufacturing",131696.271568342,0,131696.271568342,17352,0,17352,0,0,0,125,0,125,15496,1154,163515.271568342,NA,163515.271568342
"3321000"," Forging and Stamping",1085.05985161323,0,1085.05985161323,46,NA,46,0,NA,0,0,NA,0,13,10,1134.05985161323,NA,1134.05985161323
"3322000"," Cutlery and Handtool Manufacturing",68879.9141035966,0,68879.9141035966,12596,NA,12596,0,NA,0,109,NA,109,11608,626,92566.9141035966,NA,92566.9141035966
"3324000"," ""Boiler, Tank, and Shipping Container Manufacturi",33252.9432840424,0,33252.9432840424,3885,NA,3885,0,NA,0,0,NA,0,3370,329,40178.9432840424,NA,40178.9432840424
"3325000"," Hardware Manufacturing",0,0,0,0,NA,0,0,NA,0,0,NA,0,0,0,0,NA,0
"3326000"," Spring and Wire Product Manufacturing",3124.21115699411,0,3124.21115699411,225,NA,225,0,NA,0,1,NA,1,75,23,3402.21115699411,NA,3402.21115699411
"3327000"," ""Machine Shops; Turned Product; and Screw, Nut, a",2818.28848603234,0,2818.28848603234,117,NA,117,0,NA,0,0,NA,0,106,26,3015.28848603234,NA,3015.28848603234
"3328000"," ""Coating, Engraving, Heat Treating, and Allied Ac",3833.20709035143,0,3833.20709035143,270,NA,270,0,NA,0,0,NA,0,227,27,4303.20709035143,NA,4303.20709035143
"3329000"," Other Fabricated Metal Product Manufacturing",18702.6475957117,0,18702.6475957117,213,NA,213,0,NA,0,15,NA,15,97,113,18914.6475957117,NA,18914.6475957117
"3330000"," Machinery Manufacturing",235986.66414215,0,235986.66414215,12765,0,12765,0,0,0,46,0,46,11123,1831,258089.66414215,NA,258089.66414215
"3331000"," ""Agriculture, Construction, and Mining Machinery",235986.66414215,0,235986.66414215,12765,NA,12765,0,NA,0,46,NA,46,11123,1831,258089.66414215,NA,258089.66414215
"3332000"," Industrial Machinery Manufacturing",0,0,0,0,NA,0,0,NA,0,0,NA,0,0,0,0,NA,0
"3333000"," Commercial and Service Industry Machinery Manufac",0,0,0,0,NA,0,0,NA,0,0,NA,0,0,0,0,NA,0
"3334000"," ""Ventilation, Heating, Air-Conditioning, and Comm",0,0,0,0,NA,0,0,NA,0,0,NA,0,0,0,0,NA,0
"3335000"," Metalworking Machinery Manufacturing",0,0,0,0,NA,0,0,NA,0,0,NA,0,0,0,0,NA,0
"3336000"," ""Engine, Turbine, and Power Transmission Equipmen",0,0,0,0,NA,0,0,NA,0,0,NA,0,0,0,0,NA,0
"3339000"," Other General Purpose Machinery Manufacturing",0,0,0,0,NA,0,0,NA,0,0,NA,0,0,0,0,NA,0
"3340000"," Computer and Electronic Product Manufacturing",9764694.85782172,0,9764694.85782172,108727,0,108727,0,0,0,105,0,105,79618,61773,9891371.85782172,NA,9891371.85782172
"3341000"," Computer and Peripheral Equipment Manufacturing",9764694.85782172,0,9764694.85782172,108727,NA,108727,0,NA,0,105,NA,105,79618,61773,9891371.85782172,NA,9891371.85782172
"3342000"," Communications Equipment Manufacturing",0,0,0,0,NA,0,0,NA,0,0,NA,0,0,0,0,NA,0
"3343000"," Audio and Video Equipment Manufacturing",0,0,0,0,NA,0,0,NA,0,0,NA,0,0,0,0,NA,0
"3344000"," Semiconductor and Other Electronic Component Manu",0,0,0,0,NA,0,0,NA,0,0,NA,0,0,0,0,NA,0
"3345000"," ""Navigational, Measuring, Electromedical, and Con",0,0,0,0,NA,0,0,NA,0,0,NA,0,0,0,0,NA,0
"3346000"," Manufacturing and Reproducing Magnetic and Optica",0,0,0,0,NA,0,0,NA,0,0,NA,0,0,0,0,NA,0
"3350000"," ""Electrical Equipment, Appliance, and Component M",707925.607860272,0,707925.607860272,21489,0,21489,0,0,0,15,0,15,21121,5319,745231.607860272,NA,745231.607860272
"3351000"," Electric Lighting Equipment Manufacturing",707925.607860272,0,707925.607860272,21489,NA,21489,0,NA,0,15,NA,15,21121,5319,745231.607860272,NA,745231.607860272
"3352000"," Household Appliance Manufacturing",0,0,0,0,NA,0,0,NA,0,0,NA,0,0,0,0,NA,0
"3353000"," Electrical Equipment Manufacturing",0,0,0,0,NA,0,0,NA,0,0,NA,0,0,0,0,NA,0
"3359000"," Other Electrical Equipment and Component Manufact",0,0,0,0,NA,0,0,NA,0,0,NA,0,0,0,0,NA,0
"3360000"," Transportation Equipment Manufacturing",79606.5587806926,0,79606.5587806926,7548,0,7548,0,0,0,15,0,15,4703,541,91331.5587806926,NA,91331.5587806926
"3361000"," Motor Vehicle Manufacturing",79606.5587806926,0,79606.5587806926,7548,NA,7548,0,NA,0,15,NA,15,4703,541,91331.5587806926,NA,91331.5587806926
"3362000"," Motor Vehicle Body and Trailer Manufacturing",0,0,0,0,NA,0,0,NA,0,0,NA,0,0,0,0,NA,0
"3363000"," Motor Vehicle Parts Manufacturing",0,0,0,0,NA,0,0,NA,0,0,NA,0,0,0,0,NA,0
"3364000"," Aerospace Product and Parts Manufacturing",0,0,0,0,NA,0,0,NA,0,0,NA,0,0,0,0,NA,0
"3366000"," Ship and Boat Building",0,0,0,0,NA,0,0,NA,0,0,NA,0,0,0,0,NA,0
"3369000"," Other Transportation Equipment Manufacturing",0,0,0,0,NA,0,0,NA,0,0,NA,0,0,0,0,NA,0
"3370000"," Furniture and Related Product Manufacturing",31578.0979421189,0,31578.0979421189,2204,0,2204,0,0,0,108,0,108,2179,272,35797.0979421189,NA,35797.0979421189
"3371000"," Household and Institutional Furniture and Kitchen",31578.0979421189,0,31578.0979421189,2204,NA,2204,0,NA,0,108,NA,108,2179,272,35797.0979421189,NA,35797.0979421189
"3372000"," Office Furniture (including Fixtures) Manufacturi",0,0,0,0,NA,0,0,NA,0,0,NA,0,0,0,0,NA,0
"3379000"," Other Furniture Related Product Manufacturing",0,0,0,0,NA,0,0,NA,0,0,NA,0,0,0,0,NA,0
"3390000","Miscellaneous Manufacturing",2109831.80523523,0,2109831.80523523,107150,0,107150,0,0,0,72,0,72,74730,14378,2277405.80523523,NA,2277405.80523523
"3391000"," Medical Equipment and Supplies Manufacturing",2093192.17462004,0,2093192.17462004,104122,NA,104122,0,NA,0,65,NA,65,73527,14208,2256698.17462004,NA,2256698.17462004
"3399000"," Other Miscellaneous Manufacturing",16639.6306151939,0,16639.6306151939,3028,NA,3028,0,NA,0,7,NA,7,1203,170,20707.6306151939,NA,20707.6306151939
"42","Wholesalers",2315051,0,2315051,330266,0,330266,61631,0,61631,3946,0,3946,253886,19714,2945066,NA,2945066
"4230000"," ""Merchant Wholesalers, Durable Goods""",888835.318381678,0,888835.318381678,149391,0,149391,23851,0,23851,1104,0,1104,117917,6841,1174257.31838168,NA,1174257.31838168
"4231000"," Motor Vehicle and Motor Vehicle Parts and Supplie",142923.401053327,0,142923.401053327,32562,NA,32562,765,NA,765,301,NA,301,28043,1348,203246.401053327,NA,203246.401053327
"4232000"," Furniture and Home Furnishing Merchant Wholesaler",20732.3017120585,0,20732.3017120585,493,NA,493,260,NA,260,22,NA,22,323,188,21642.3017120585,NA,21642.3017120585
"4233000"," Lumber and Other Construction Materials Merchant",32007.7337290019,0,32007.7337290019,18761,NA,18761,1871,NA,1871,49,NA,49,11432,248,63872.7337290019,NA,63872.7337290019
"4234000"," Professional and Commercial Equipment and Supplie",303565.022193947,0,303565.022193947,39527,NA,39527,11284,NA,11284,356,NA,356,24895,2025,377602.022193947,NA,377602.022193947
"4235000"," Metal and Mineral (except Petroleum) Merchant Who",23278.4554188343,0,23278.4554188343,990,NA,990,212,NA,212,1,NA,1,762,182,25061.4554188343,NA,25061.4554188343
"4236000"," Electrical and Electronic Goods Merchant Wholesal",108227.009510541,0,108227.009510541,24659,NA,24659,4403,NA,4403,110,NA,110,19008,888,155519.009510541,NA,155519.009510541
"4237000"," ""Hardware, and Plumbing and Heating Equipment and",52812.5199391197,0,52812.5199391197,16993,NA,16993,1126,NA,1126,26,NA,26,12853,376,83434.5199391197,NA,83434.5199391197
"4238000"," ""Machinery, Equipment, and Supplies Merchant Whol",135576.666076117,0,135576.666076117,9075,NA,9075,3340,NA,3340,134,NA,134,7709,1124,154710.666076117,NA,154710.666076117
"4239000"," Miscellaneous Durable Goods Merchant Wholesalers",69712.2087487317,0,69712.2087487317,6331,NA,6331,590,NA,590,105,NA,105,12892,462,89168.2087487317,NA,89168.2087487317
"4240000"," ""Merchant Wholesalers, Nondurable Goods""",1343600.77016058,0,1343600.77016058,168806,0,168806,36814,0,36814,2645,0,2645,127251,12312,1666804.77016058,NA,1666804.77016058
"4241000"," Paper and Paper Product Merchant Wholesalers",59547.1752162219,0,59547.1752162219,12655,NA,12655,1277,NA,1277,77,NA,77,8571,558,81569.1752162219,NA,81569.1752162219
"4242000"," Drugs and Druggists' Sundries Merchant Wholesaler",435089.862165601,0,435089.862165601,21024,NA,21024,15089,NA,15089,840,NA,840,18337,5031,485348.862165601,NA,485348.862165601
"4243000"," ""Apparel, Piece Goods, and Notions Merchant Whole",34796.9936864823,0,34796.9936864823,2025,NA,2025,1208,NA,1208,93,NA,93,1897,212,39807.9936864823,NA,39807.9936864823
"4244000"," Grocery and Related Product Wholesalers",461808.799022371,0,461808.799022371,69321,NA,69321,13106,NA,13106,1301,NA,1301,51841,3585,593792.799022371,NA,593792.799022371
"4245000"," Farm Product Raw Material Merchant Wholesalers",3473.62555364074,0,3473.62555364074,98,NA,98,0,NA,0,0,NA,0,59,24,3606.62555364074,NA,3606.62555364074
"4246000"," Chemical and Allied Products Merchant Wholesalers",60940.2549163298,0,60940.2549163298,12211,NA,12211,1050,NA,1050,64,NA,64,9637,527,83375.2549163298,NA,83375.2549163298
"4247000"," Petroleum and Petroleum Products Merchant Wholesa",52862.9077211744,0,52862.9077211744,31012,NA,31012,1551,NA,1551,102,NA,102,23506,457,108576.907721174,NA,108576.907721174
"4248000"," ""Beer, Wine, and Distilled Alcoholic Beverage Mer",91746.0063537825,0,91746.0063537825,6437,NA,6437,1628,NA,1628,168,NA,168,4017,706,103290.006353782,NA,103290.006353782
"4249000"," Miscellaneous Nondurable Goods Merchant Wholesale",143335.145524972,0,143335.145524972,14023,NA,14023,1905,NA,1905,0,NA,0,9386,1212,167437.145524972,NA,167437.145524972
"4250000"," Wholesale Electronic Markets and Agents and Broke",82614.9114577461,0,82614.9114577461,12069,0,12069,966,0,966,197,0,197,8718,561,104003.911457746,NA,104003.911457746
"4251000"," Wholesale Electronic Markets and Agents and Broke",82614.9114577461,0,82614.9114577461,12069,NA,12069,966,NA,966,197,NA,197,8718,561,104003.911457746,NA,104003.911457746
"44-45"," Retail Trade",4315344,0,4315344,381564,0,381564,36345,0,36345,5734,0,5734,291201,31873,4998315,NA,4998315
"4410000"," Motor Vehicle and Parts Dealers",453018.590844219,0,453018.590844219,49695,0,49695,4543,0,4543,594,0,594,51131,3245,555736.590844219,NA,555736.590844219
"4411000"," Automobile Dealers",251619.538399372,0,251619.538399372,16410,NA,16410,2964,NA,2964,245,NA,245,28262,1782,297718.538399372,NA,297718.538399372
"4413000"," ""Automotive Parts, Accessories, and Tire Stores""",201399.052444847,0,201399.052444847,33285,NA,33285,1579,NA,1579,349,NA,349,22869,1463,258018.052444847,NA,258018.052444847
"4420000"," Furniture and Home Furnishings Stores",54492.6216921058,0,54492.6216921058,6761,0,6761,6761,0,6761,17,0,17,5950,547,73434.6216921058,NA,73434.6216921058
"4421000"," Furniture Stores",54492.6216921058,0,54492.6216921058,6761,NA,6761,6761,NA,6761,17,NA,17,5950,547,73434.6216921058,NA,73434.6216921058
"4422000"," Home Furnishings Stores",0,0,0,0,NA,0,0,NA,0,0,NA,0,0,0,0,NA,0
"4430000"," Electronics and Appliance Stores",172651.494723991,0,172651.494723991,16239,0,16239,2212,0,2212,277,0,277,12432,1312,202499.494723991,NA,202499.494723991
"4431000"," Electronics and Appliance Stores",172651.494723991,0,172651.494723991,16239,NA,16239,2212,NA,2212,277,NA,277,12432,1312,202499.494723991,NA,202499.494723991
"4440000"," Building Material and Garden Equipment and Suppli",251571.989379202,0,251571.989379202,28561,0,28561,1383,0,1383,872,0,872,16879,2225,297041.989379202,NA,297041.989379202
"4441000"," Building Material and Supplies Dealers",251571.989379202,0,251571.989379202,28561,NA,28561,1383,NA,1383,872,NA,872,16879,2225,297041.989379202,NA,297041.989379202
"4442000"," Lawn and Garden Equipment and Supplies Stores",0,0,0,0,NA,0,0,NA,0,0,NA,0,0,0,0,NA,0
"4450000"," Food and Beverage Stores",766064.564690575,0,766064.564690575,63044,0,63044,1585,0,1585,827,0,827,42829,5363,868986.564690575,NA,868986.564690575
"4451000"," Grocery Stores",766064.564690575,0,766064.564690575,63044,NA,63044,1585,NA,1585,827,NA,827,42829,5363,868986.564690575,NA,868986.564690575
"4452000"," Specialty Food Stores",0,0,0,0,NA,0,0,NA,0,0,NA,0,0,0,0,NA,0
"4453000"," ""Beer, Wine, and Liquor Stores""",0,0,0,0,NA,0,0,NA,0,0,NA,0,0,0,0,NA,0
"4460000"," Health and Personal Care Stores",898888.407264328,0,898888.407264328,43409,0,43409,4458,0,4458,1147,0,1147,30078,6425,971555.407264328,NA,971555.407264328
"4461000"," Health and Personal Care Stores",898888.407264328,0,898888.407264328,43409,NA,43409,4458,NA,4458,1147,NA,1147,30078,6425,971555.407264328,NA,971555.407264328
"4470000"," Gasoline Stations",110876.016805278,0,110876.016805278,33069,0,33069,309,0,309,542,0,542,23981,901,167876.016805278,NA,167876.016805278
"4471000"," Gasoline Stations",110876.016805278,0,110876.016805278,33069,NA,33069,309,NA,309,542,NA,542,23981,901,167876.016805278,NA,167876.016805278
"4480000"," Clothing and Clothing Accessories Stores",542896.035203962,0,542896.035203962,54383,0,54383,477,0,477,305,0,305,41436,4391,635106.035203962,NA,635106.035203962
"4481000"," Clothing Stores",336553.180639541,0,336553.180639541,50942,NA,50942,120,NA,120,181,NA,181,38522,2686,423632.180639541,NA,423632.180639541
"4482000"," Shoe Stores",0,0,0,0,NA,0,0,NA,0,0,NA,0,0,0,0,NA,0
"4483000"," ""Jewelry, Luggage, and Leather Goods Stores""",206342.854564421,0,206342.854564421,3441,NA,3441,357,NA,357,124,NA,124,2914,1705,211473.854564421,NA,211473.854564421
"4510000"," ""Sporting Goods, Hobby, Book, and Music Stores""",59253.8905765494,0,59253.8905765494,15621,0,15621,26,0,26,123,0,123,11772,482,86313.8905765494,NA,86313.8905765494
"4511000"," ""Sporting Goods, Hobby, and Musical Instrument St",59253.8905765494,0,59253.8905765494,15621,NA,15621,26,NA,26,123,NA,123,11772,482,86313.8905765494,NA,86313.8905765494
"4520000"," General Merchandise Stores",813926.05600995,0,813926.05600995,57524,0,57524,556,0,556,496,0,496,38157,5505,905154.05600995,NA,905154.05600995
"4521000"," Department Stores",813926.05600995,0,813926.05600995,57524,NA,57524,556,NA,556,496,NA,496,38157,5505,905154.05600995,NA,905154.05600995
"4529000"," Other General Merchandise Stores",0,0,0,0,NA,0,0,NA,0,0,NA,0,0,0,0,NA,0
"4530000"," Miscellaneous Store Retailers",131896.045733053,0,131896.045733053,7566,0,7566,10543,0,10543,416,0,416,4827,1044,154204.045733053,NA,154204.045733053
"4531000"," Florists",131896.045733053,0,131896.045733053,7566,NA,7566,10543,NA,10543,416,NA,416,4827,1044,154204.045733053,NA,154204.045733053
"4533000"," Used Merchandise Stores",0,0,0,0,NA,0,0,NA,0,0,NA,0,0,0,0,NA,0
"4539000"," Other Miscellaneous Store Retailers",0,0,0,0,NA,0,0,NA,0,0,NA,0,0,0,0,NA,0
"4540000"," Nonstore Retailers",59808.2870767873,0,59808.2870767873,5692,0,5692,3492,0,3492,118,0,118,11729,433,80406.2870767873,NA,80406.2870767873
"4541000"," Electronic Shopping and Mail-Order Houses",59808.2870767873,0,59808.2870767873,5692,NA,5692,3492,NA,3492,118,NA,118,11729,433,80406.2870767873,NA,80406.2870767873
"4543000"," Direct Selling Establishments",0,0,0,0,NA,0,0,NA,0,0,NA,0,0,0,0,NA,0
"48"," Transportation & Warehousing",576424.392696797,128594.782214805,705019.174911603,91593,62343,153936,4369,0,4369,661,1262,1923,64298,6069,923476.174911603,NA,923476.174911603
"4810000"," Air Transportation",69805.3674733281,0,69805.3674733281,5197,0,5197,30,0,30,7,0,7,4960,794,79205.3674733281,NA,79205.3674733281
"4810001"," Air Transportation local",0,0,0,0,NA,0,0,NA,0,0,NA,0,0,0,0,NA,0
"4810002"," Air Transportation externa",0,0,0,0,NA,0,0,NA,0,0,NA,0,0,0,0,NA,0
"4811000"," Scheduled Air Transportation",62914.9278688525,0,62914.9278688525,4001,NA,4001,20,NA,20,2,NA,2,4104,727,70314.9278688525,NA,70314.9278688525
"4812000"," Nonscheduled Air Transportation",6890.43960447567,0,6890.43960447567,1196,NA,1196,10,NA,10,5,NA,5,856,67,8890.43960447567,NA,8890.43960447567
"4820000"," Rail Transportation",0,0,0,0,0,0,0,0,0,0,0,0,0,0,0,NA,0
"4821000"," Rail Transportation",0,0,0,0,NA,0,0,NA,0,0,NA,0,0,0,0,NA,0
"4830000"," Water Transportation",58625.472859745,80036.7365597807,138662.209419526,4276,54158,58434,1187,0,1187,16,1063,1079,2273,1155,200480.209419526,NA,200480.209419526
"4831000"," ""Deep Sea, Coastal, and Great Lakes Water Transpo",58625.472859745,15994.4460603171,74619.9189200621,4276,2554,6830,1187,0,1187,16,0,16,2273,504,84421.9189200621,NA,84421.9189200621
"4832000"," Inland Water Transportation",0,64042.2904994636,64042.2904994636,0,51604,51604,0,0,0,0,1063,1063,0,651,116058.290499464,NA,116058.290499464
"4840000"," Truck Transportation",159689.352120739,0,159689.352120739,42533,0,42533,916,0,916,197,0,197,32175,1095,234415.352120739,NA,234415.352120739
"4841000"," General Freight Trucking",159689.352120739,0,159689.352120739,42533,NA,42533,916,NA,916,197,NA,197,32175,1095,234415.352120739,NA,234415.352120739
"4850000"," Transit and Ground Passenger Transportation",79783.9139734582,48558.0456550244,128341.959628483,7593,8185,15778,456,0,456,267,199,466,2885,1032,146894.959628483,NA,146894.959628483
"4851000"," Urban Transit Systems",4355.29003382774,48558.0456550244,52913.3356888522,476,8185,8661,5,0,5,9,199,208,257,631,61413.3356888522,NA,61413.3356888522
"4852000"," Interurban and Rural Bus Transportation",0,0,0,0,NA,0,0,NA,0,0,NA,0,0,0,0,NA,0
"4853000"," Taxi and Limousine Service",3815.11329690346,0,3815.11329690346,442,NA,442,96,NA,96,0,NA,0,275,19,4609.11329690346,NA,4609.11329690346
"4854000"," School and Employee Bus Transportation",65674.5755919854,0,65674.5755919854,6415,NA,6415,307,NA,307,258,NA,258,2222,361,74515.5755919854,NA,74515.5755919854
"4855000"," Charter Bus Industry",0,0,0,0,NA,0,0,NA,0,0,NA,0,0,0,0,NA,0
"4859000"," Other Transit and Ground Passenger Transportation",5938.93505074161,0,5938.93505074161,260,NA,260,48,NA,48,0,NA,0,131,21,6356.93505074161,NA,6356.93505074161
"4860000"," Pipeline Transportation",42.7628415300546,0,42.7628415300546,119,0,119,0,0,0,0,0,0,94,2,253.762841530055,NA,253.762841530055
"4861000"," Pipeline Transportation of Crude Oil",0,0,0,0,NA,0,0,NA,0,0,NA,0,0,0,0,NA,0
"4869000"," Other Pipeline Transportation",42.7628415300546,0,42.7628415300546,119,NA,119,0,NA,0,0,NA,0,94,2,253.762841530055,NA,253.762841530055
"4870000"," Scenic and Sightseeing Transportation",4101.14504293521,0,4101.14504293521,315,0,315,0,0,0,0,0,0,201,28,4589.14504293521,NA,4589.14504293521
"4871000"," ""Scenic and Sightseeing Transportation, Land""",4101.14504293521,0,4101.14504293521,315,NA,315,0,NA,0,0,NA,0,201,28,4589.14504293521,NA,4589.14504293521
"4872000"," ""Scenic and Sightseeing Transportation, Water""",0,0,0,0,NA,0,0,NA,0,0,NA,0,0,0,0,NA,0
"4879000"," ""Scenic and Sightseeing Transportation, Other""",0,0,0,0,NA,0,0,NA,0,0,NA,0,0,0,0,NA,0
"4880000"," Support Activities for Transportation",91584.2814816009,0,91584.2814816009,20495,0,20495,865,0,865,94,0,94,14713,1140,126611.281481601,NA,126611.281481601
"4881000"," Support Activities for Air Transportation",19103.3081967213,0,19103.3081967213,1302,NA,1302,42,NA,42,12,NA,12,1254,174,21539.3081967213,NA,21539.3081967213
"4883000"," Support Activities for Water Transportation",57715.4714894073,0,57715.4714894073,15636,NA,15636,257,NA,257,49,NA,49,11159,553,84263.4714894073,NA,84263.4714894073
"4884000"," Support Activities for Road Transportation",2403.46375227687,0,2403.46375227687,354,NA,354,1,NA,1,26,NA,26,160,11,2933.46375227687,NA,2933.46375227687
"4885000"," Freight Transportation Arrangement",12362.0380431954,0,12362.0380431954,3203,NA,3203,565,NA,565,7,NA,7,2140,402,17875.0380431954,NA,17875.0380431954
"4910000"," Postal Service",649.057403070518,0,649.057403070518,40,0,40,0,0,0,0,0,0,5,1,693.057403070518,NA,693.057403070518
"4911000"," Postal Service",649.057403070518,0,649.057403070518,40,NA,40,0,NA,0,0,NA,0,5,1,693.057403070518,NA,693.057403070518
"4920000"," Couriers and Messengers",62799.7704397606,0,62799.7704397606,2940,NA,2940,608,NA,608,38,NA,38,2228,496,68117.7704397606,NA,68117.7704397606
"4930000"," Warehousing and Storage",49343.2690606297,0,49343.2690606297,8085,NA,8085,307,NA,307,42,NA,42,4764,326,62215.2690606297,NA,62215.2690606297
"51"," Information",1088954,6461.63070687806,1095415.63070688,761237,2499,763736,106230,0,106230,1381,0,1381,604536,10425,2560873.63070688,NA,2560873.63070688
"5110000"," Publishing Industries (except Internet)",151546.764120545,0,151546.764120545,12266,0,12266,11489,0,11489,944,0,944,19128,1343,194030.764120545,NA,194030.764120545
"5111000"," ""Newspaper, Periodical, Book, and Directory Publi",137945.813420018,0,137945.813420018,12065,NA,12065,11488,NA,11488,778,NA,778,19023,1263,180036.813420018,NA,180036.813420018
"5112000"," Software Publishers",13600.9507005266,0,13600.9507005266,201,NA,201,1,NA,1,166,NA,166,105,80,13993.9507005266,NA,13993.9507005266
"5120000","Motion Picture and Sound Recording Industries",41150.5974278536,0,41150.5974278536,5395,0,5395,1088,0,1088,201,0,201,8121,318,55637.5974278536,NA,55637.5974278536
"5121000"," Motion Picture and Video Industries",40010.6313540676,0,40010.6313540676,5197,NA,5197,954,NA,954,199,NA,199,7953,321,53992.6313540676,NA,53992.6313540676
"5122000"," Sound Recording Industries",1139.96607378597,0,1139.96607378597,198,NA,198,134,NA,134,2,NA,2,168,-3,1644.96607378597,NA,1644.96607378597
"5150000"," Broadcasting (except Internet)",82910.9054466478,0,82910.9054466478,61283,0,61283,4822,0,4822,32,0,32,65968,756,214259.905446648,NA,214259.905446648
"5151000"," Radio and Television Broadcasting",61971.765866538,0,61971.765866538,45038,NA,45038,1900,NA,1900,31,NA,31,37652,466,146126.765866538,NA,146126.765866538
"5152000"," Cable and Other Subscription Programming",20939.1395801099,0,20939.1395801099,16245,NA,16245,2922,NA,2922,1,NA,1,28316,290,68133.1395801099,NA,68133.1395801099
"5160000"," Internet Publishing and Broadcasting",1797,0,1797,67,0,67,0,0,0,64,0,64,7,5,1930,NA,1930
"5161000"," Internet Publishing and Broadcasting",1797,0,1797,67,NA,67,0,NA,0,64,NA,64,7,5,1930,NA,1930
"5170000"," Telecommunications",680853.753374878,6461.63070687806,687315.384081756,666226,2499,668725,86871,0,86871,0,0,0,483323,6757,1919477.38408176,NA,1919477.38408176
"5171000"," Wired Telecommunications Carriers",680853.753374878,0,680853.753374878,666226,NA,666226,86871,NA,86871,0,NA,0,483323,6717,1910556.75337488,NA,1910556.75337488
"5173000"," Telecommunications Resellers",0,0,0,0,0,0,0,0,0,0,0,0,0,0,0,NA,0
"5174000"," Satellite Telecommunications",0,0,0,0,NA,0,0,NA,0,0,NA,0,0,0,0,NA,0
"5175000"," Cable and Other Program Distribution",0,0,0,0,NA,0,0,NA,0,0,NA,0,0,0,0,NA,0
"5179000"," Other Telecommunications",0,6461.63070687806,6461.63070687805,0,2499,2499,0,0,0,0,0,0,0,40,8920.63070687806,NA,8920.63070687806
"5180000"," ""Internet Service Providers, Web Search Portals,",127333.080045992,0,127333.080045992,14222,0,14222,1664,0,1664,136,0,136,26558,1209,168704.080045992,NA,168704.080045992
"5181000"," Internet Service Providers and Web Search Portals",127333.080045992,0,127333.080045992,14222,NA,14222,1664,NA,1664,136,NA,136,26558,1209,168704.080045992,NA,168704.080045992
"5182000"," ""Data Processing, Hosting, and Related Services""",0,0,0,0,NA,0,0,NA,0,0,NA,0,0,0,0,NA,0
"5190000"," Other Information Services",3361.89958408449,0,3361.89958408449,1778,0,1778,296,0,296,4,0,4,1431,37,6833.89958408449,NA,6833.89958408449
"5191000"," Other Information Services",3361.89958408449,0,3361.89958408449,1778,NA,1778,296,NA,296,4,NA,4,1431,37,6833.89958408449,NA,6833.89958408449
"52"," Finance & Insurance",2925929.2086194,873533.885087615,3799463.09370702,287157,2720,289877,1305470,0,1305470,10213,215574,225787,198155,20202,5798550.09370702,NA,5798550.09370702
"5210000"," Monetary Authorities - Central Bank",0,0,0,0,NA,0,0,NA,0,0,NA,0,0,0,0,NA,0
"5220000"," Credit Intermediation and Related Activities",1939854.25805377,932518.520085827,2872372.77813959,226048,2091,228139,1304082,0,1304082,9259,19,9278,154194,12537,4555528.77813959,NA,4555528.77813959
"5221000"," Depository Credit Intermediation",0,-30,-30,0,0,0,0,0,0,0,0,0,0,-1,-29,NA,-29
"5221100"," Commercial Banking",657846,0,657846,85915,NA,85915,1024985,NA,1024985,2781,NA,2781,67330,1381,1837476,NA,1837476
"5221200"," Savings Institutions",0,0,0,0,NA,0,0,NA,0,0,NA,0,0,0,0,NA,0
"5221300"," Credit Unions",270984.863935007,-617.121945404695,270367.741989603,62631,0,62631,69337,0,69337,5509,0,5509,33342,982,440204.741989603,NA,440204.741989603
"5221900"," Other Depository Credit Intermediation",-15238.6456564627,1077951.08117773,1062712.43552127,4355,1103,5458,5492,0,5492,0,19,19,3163,3891,1072953.43552127,NA,1072953.43552127
"5222000"," Nondepository Credit Intermediation",648478.911028911,10976,659454.911028911,56322,0,56322,197561,0,197561,585,0,585,38932,2439,950415.911028911,NA,950415.911028911
"5223000"," Activities Related to Credit Intermediation",377783.12874631,-155761.439146501,222021.689599809,16825,988,17813,6707,0,6707,384,0,384,11427,3845,254507.689599809,NA,254507.689599809
"5240000"," Insurance Carriers and Related Activities",986074.950565636,36663.3650017881,1022738.31556742,61109,629,61738,1388,0,1388,954,22,976,43961,8505,1122296.31556742,NA,1122296.31556742
"5241000"," Insurance Carriers",726878.992504133,36663.3650017881,763542.357505921,38908,629,39537,1074,0,1074,301,22,323,25967,6460,823983.357505921,NA,823983.357505921
"5242000"," ""Agencies, Brokerages, and Other Insurance Relate",259195.958061503,0,259195.958061503,22201,NA,22201,314,NA,314,653,NA,653,17994,2045,298312.958061503,NA,298312.958061503
"5250000"," ""Funds, Trusts, and Other Financial Vehicles""",0,-95648,-95648,0,0,0,0,0,0,0,215533,215533,0,-840,120725,NA,120725
"5251000"," Insurance and Employee Benefit Funds",0,-95648,-95648,0,0,0,0,0,0,0,215533,215533,0,-840,120725,NA,120725
"5259000"," Other Investment Pools and Funds",0,0,0,0,NA,0,0,NA,0,0,NA,0,0,0,0,NA,0
"53"," Real Estate & Rental",11894656.7212884,155073.429252593,12049730.150541,1843169,118464,1961633,30354,0,30354,3906,94,4000,1273687,89598,15229806.150541,NA,15229806.150541
"5310000"," Real Estate",427486.607355347,155073.429252593,582560.03660794,227013,118464,345477,11406,0,11406,3655,94,3749,164238,6765,1100665.03660794,NA,1100665.03660794
"5311000"," Lessors of Real Estate",427486.607355347,155073.429252593,582560.03660794,227013,118464,345477,11406,0,11406,3655,94,3749,164238,6765,1100665.03660794,NA,1100665.03660794
"5312000"," Offices of Real Estate Agents and Brokers",0,0,0,0,NA,0,0,NA,0,0,NA,0,0,0,0,NA,0
"5320000"," Rental and Leasing Services",79840.4467782616,0,79840.4467782616,162207,0,162207,18948,0,18948,251,0,251,100767,724,361289.446778262,NA,361289.446778262
"5321000"," Automotive Equipment Rental and Leasing",-8280.70253436781,0,-8280.70253436781,115932,NA,115932,16520,NA,16520,61,NA,61,74575,-99,198906.297465632,NA,198906.297465632
"5322000"," Consumer Goods Rental",56208.8602317371,0,56208.8602317371,29663,NA,29663,267,NA,267,144,NA,144,15843,439,101686.860231737,NA,101686.860231737
"5324000"," Commercial and Industrial Machinery and Equipment",31912.2890808924,0,31912.2890808924,16612,NA,16612,2161,NA,2161,46,NA,46,10349,384,60696.2890808924,NA,60696.2890808924
"5330000","Ownership",11387329.6671548,0,11387329.6671548,1453949,NA,1453949,0,NA,0,0,NA,0,1008682,82109,13767851.6671548,NA,13767851.6671548
"54"," ""Professional, Scientific, and Technical Services",1646171,0,1646171,64115,0,64115,32621,0,32621,1508,0,1508,40358,11702,1773071,NA,1773071
"5410000"," ""Professional, Scientific, and Technical Services",1646171,0,1646171,64115,0,64115,32621,0,32621,1508,0,1508,40358,11702,1773071,NA,1773071
"5411000"," Legal Services",426777.404194279,0,426777.404194279,6996,NA,6996,12939,NA,12939,307,NA,307,5302,3175,449146.404194279,NA,449146.404194279
"5412000"," ""Accounting, Tax Preparation, Bookkeeping, and Pa",171265.335743179,0,171265.335743179,2434,NA,2434,2836,NA,2836,155,NA,155,1842,1324,177208.335743179,NA,177208.335743179
"5413000"," ""Architectural, Engineering, and Related Services",275010.1667097,0,275010.1667097,10235,NA,10235,5643,NA,5643,388,NA,388,8081,2193,297164.1667097,NA,297164.1667097
"5414000"," Specialized Design Services",10411.4292968414,0,10411.4292968414,1053,NA,1053,203,NA,203,7,NA,7,779,75,12378.4292968414,NA,12378.4292968414
"5415000"," Computer Systems Design and Related Services",163795.468772413,0,163795.468772413,14673,NA,14673,1871,NA,1871,111,NA,111,8479,1191,187738.468772413,NA,187738.468772413
"5416000"," ""Management, Scientific, and Technical Consulting",369620.31184554,0,369620.31184554,12537,NA,12537,7176,NA,7176,189,NA,189,5895,2221,393196.31184554,NA,393196.31184554
"5417000"," Scientific Research and Development Services",29307.2975299079,0,29307.2975299079,2479,NA,2479,72,NA,72,0,NA,0,1007,118,32747.2975299079,NA,32747.2975299079
"5418000"," Advertising and Related Services",153256.83096652,0,153256.83096652,11502,NA,11502,1636,NA,1636,303,NA,303,7580,1096,173181.83096652,NA,173181.83096652
"5419000"," ""Other Professional, Scientific, and Technical Se",46726.7549416186,0,46726.7549416186,2206,NA,2206,245,NA,245,48,NA,48,1393,309,50309.7549416186,NA,50309.7549416186
"55"," Management of Companies and Enterprises",65551,0,65551,8635,0,8635,22,0,22,1146,0,1146,4960,521,79793,NA,79793
"5510000"," Management of Companies and Enterprises",65551,0,65551,8635,0,8635,22,0,22,1146,0,1146,4960,521,79793,NA,79793
"5511000"," Management of Companies and Enterprises",65551,0,65551,8635,NA,8635,22,NA,22,1146,NA,1146,4960,521,79793,NA,79793
"56"," Administrative Services & Support",1642146,-9934,1632212,84993,77,85070,22201,0,22201,1022,0,1022,61000,11326,1790179,NA,1790179
"5610000","Administrative and Support Services",1459888.32116563,-9934,1449954.32116563,50103,77,50180,16269,0,16269,785,0,785,36158,9991,1543355.32116563,NA,1543355.32116563
"5611000"," Office Administrative Services",248922.663014074,0,248922.663014074,27328,NA,27328,948,NA,948,205,NA,205,18745,1667,294481.663014074,NA,294481.663014074
"5612000"," Facilities Support Services",3653.14875184056,0,3653.14875184056,24,NA,24,7,NA,7,53,NA,53,12,6,3743.14875184056,NA,3743.14875184056
"5613000"," Employment Services",441690.440091771,0,441690.440091771,1205,NA,1205,2515,NA,2515,43,NA,43,849,2687,443615.440091771,NA,443615.440091771
"5614000"," Business Support Services",71030.0657124268,-9934,61096.0657124268,8287,77,8364,455,0,455,23,0,23,5950,110,75778.0657124268,NA,75778.0657124268
"5615000"," Travel Arrangement and Reservation Services",26443.8415916173,0,26443.8415916173,897,0,897,40,0,40,15,0,15,784,255,27924.8415916173,NA,27924.8415916173
"5616000"," Investigation and Security Services",449605.248056707,0,449605.248056707,6183,NA,6183,10571,NA,10571,187,NA,187,4413,3501,467458.248056707,NA,467458.248056707
"5617000"," Services to Buildings and Dwellings",205880.819607575,0,205880.819607575,5066,NA,5066,938,NA,938,231,NA,231,4372,1670,214817.819607575,NA,214817.819607575
"5619000"," Other Support Services",12662.0943396226,0,12662.0943396226,1113,NA,1113,795,NA,795,28,NA,28,1033,95,15536.0943396226,NA,15536.0943396226
"5620000"," Waste Management and Remediation Services",182257.678834366,0,182257.678834366,34890,0,34890,5932,0,5932,237,0,237,24842,1335,246823.678834366,NA,246823.678834366
"5621000"," Waste Collection",74776.3738656987,0,74776.3738656987,12243,NA,12243,1286,NA,1286,173,NA,173,7868,493,95853.3738656987,NA,95853.3738656987
"5622000"," Waste Treatment and Disposal",63311.7137965278,0,63311.7137965278,15540,NA,15540,4254,NA,4254,34,NA,34,11967,521,94585.7137965278,NA,94585.7137965278
"5629000"," Remediation and Other Waste Management Services",44169.5911721399,0,44169.5911721399,7107,NA,7107,392,NA,392,30,NA,30,5007,321,56384.5911721399,NA,56384.5911721399
"61"," Educational Services",581740,7619.19918941471,589359.199189415,91114,1954,93068,21835,0,21835,2290,106,2396,62531,4740,764449.199189415,NA,764449.199189415
"6110000"," Educational Services",581740,7619.19918941471,589359.199189415,91114,1954,93068,21835,0,21835,2290,106,2396,62531,4740,764449.199189415,NA,764449.199189415
"6111000"," Elementary and Secondary Schools",114809.336197617,0,114809.336197617,11875,NA,11875,853,NA,853,703,NA,703,5903,882,133261.336197617,NA,133261.336197617
"6112000"," Junior Colleges",229271.034994618,0,229271.034994618,61419,NA,61419,4479,NA,4479,1217,NA,1217,44509,2417,338478.034994618,NA,338478.034994618
"6114000"," Business Schools and Computer and Management Trai",33227.616645578,0,33227.616645578,2170,NA,2170,1477,NA,1477,69,NA,69,2006,219,38730.616645578,NA,38730.616645578
"6115000"," Technical and Trade Schools",114264.351475893,0,114264.351475893,11828,NA,11828,14167,NA,14167,5,NA,5,7022,654,146632.351475893,NA,146632.351475893
"6116000"," Other Schools and Instruction",30465.1308757153,7619.19918941471,38084.33006513,1587,1954,3541,636,0,636,39,106,145,792,235,42963.33006513,NA,42963.33006513
"6117000"," Educational Support Services",59702.5298105796,0,59702.5298105796,2235,NA,2235,223,NA,223,257,NA,257,2299,333,64383.5298105796,NA,64383.5298105796
"62","Health Care and Social Services",3014706,84242.1183692931,3098948.11836929,242679,7931,250610,134076,0,134076,4211,0,4211,176368,23259,3640954.11836929,NA,3640954.11836929
"6210000"," Ambulatory Health Care Services",1549107.29373406,0,1549107.29373406,135185,0,135185,24017,0,24017,3439,0,3439,101557,11178,1802127.29373406,NA,1802127.29373406
"6211000"," Offices of Physicians",911792.528145033,0,911792.528145033,57064,NA,57064,11362,NA,11362,889,NA,889,50711,6544,1025274.52814503,NA,1025274.52814503
"6212000"," Offices of Dentists",54427.962666299,0,54427.962666299,4242,NA,4242,478,NA,478,75,NA,75,2918,426,61714.962666299,NA,61714.962666299
"6213000"," Offices of Other Health Practitioners",80294.1275108568,0,80294.1275108568,4289,NA,4289,740,NA,740,140,NA,140,2829,575,87717.1275108568,NA,87717.1275108568
"6214000"," Outpatient Care Centers",160939.304694286,0,160939.304694286,38590,NA,38590,7105,NA,7105,1607,NA,1607,23156,987,230410.304694286,NA,230410.304694286
"6215000"," Medical and Diagnostic Laboratories",225312.852471221,0,225312.852471221,24062,NA,24062,1943,NA,1943,258,NA,258,16578,1597,266556.852471221,NA,266556.852471221
"6216000"," Home Health Care Services",75942.5761632315,0,75942.5761632315,2546,NA,2546,1518,NA,1518,399,NA,399,1875,647,81633.5761632315,NA,81633.5761632315
"6219000"," Other Ambulatory Health Care Services",40397.9420831323,0,40397.9420831323,4392,NA,4392,871,NA,871,71,NA,71,3490,402,48819.9420831323,NA,48819.9420831323
"6220000"," Hospitals",1262911.27992004,84242.1183692931,1347153.39828933,99098,7931,107029,108496,0,108496,395,0,395,69690,10494,1622269.39828933,NA,1622269.39828933
"6221000"," General Medical and Surgical Hospitals",1262911.27992004,84242.1183692931,1347153.39828933,99098,7931,107029,108496,0,108496,395,0,395,69690,10494,1622269.39828933,NA,1622269.39828933
"6222000"," Psychiatric and Substance Abuse Hospitals",0,0,0,0,NA,0,0,NA,0,0,NA,0,0,0,0,NA,0
"6223000"," Specialty (except Psychiatric and Substance Abuse",0,0,0,0,NA,0,0,NA,0,0,NA,0,0,0,0,NA,0
"6230000"," Nursing and Residential Care Facilities",85143.2500861653,0,85143.2500861653,4936,0,4936,1497,0,1497,190,0,190,3339,680,94425.2500861653,NA,94425.2500861653
"6231000"," Nursing Care Facilities",14328.8854897636,0,14328.8854897636,463,NA,463,1,NA,1,5,NA,5,384,129,15052.8854897636,NA,15052.8854897636
"6232000"," ""Residential Mental Retardation, Mental Health an",17012.9693665127,0,17012.9693665127,1580,NA,1580,445,NA,445,72,NA,72,960,186,19883.9693665127,NA,19883.9693665127
"6233000"," Community Care Facilities for the Elderly",53801.395229889,0,53801.395229889,2893,NA,2893,1051,NA,1051,113,NA,113,1995,365,59488.395229889,NA,59488.395229889
"6240000"," Social Assistance",117544.176259737,0,117544.176259737,3460,0,3460,66,0,66,187,0,187,1782,907,122132.176259737,NA,122132.176259737
"6241000"," Individual and Family Services",117544.176259737,0,117544.176259737,3460,NA,3460,66,NA,66,187,NA,187,1782,907,122132.176259737,NA,122132.176259737
"6242000"," ""Community Food and Housing, and Emergency and Ot",0,0,0,0,NA,0,0,NA,0,0,NA,0,0,0,0,NA,0
"6243000"," Vocational Rehabilitation Services",0,0,0,0,NA,0,0,NA,0,0,NA,0,0,0,0,NA,0
"6244000"," Child Day Care Services",0,0,0,0,NA,0,0,NA,0,0,NA,0,0,0,0,NA,0
"71","Art, Entertainment and Recreation",60524,5921.46060317082,66445.4606031708,15438,988,16426,565,0,565,347,50,397,11799,517,95115.4606031708,NA,95115.4606031708
"7110000"," ""Performing Arts, Spectator Sports, and Related I",42135.5114516,5921.46060317082,48056.9720547708,4670,988,5658,283,0,283,238,50,288,3742,342,57685.9720547708,NA,57685.9720547708
"7111000"," Performing Arts Companies",21059.2250418961,5921.46060317082,26980.6856450669,3318,988,4306,153,0,153,24,50,74,2640,220,33933.6856450669,NA,33933.6856450669
"7113000"," ""Promoters of Performing Arts, Sports, and Simila",13178.306679435,0,13178.306679435,784,NA,784,115,NA,115,186,NA,186,633,89,14807.306679435,NA,14807.306679435
"7114000"," ""Agents and Managers for Artists, Athletes, Enter",0,0,0,0,NA,0,0,NA,0,0,NA,0,0,0,0,NA,0
"7115000"," ""Independent Artists, Writers, and Performers""",7897.97973026893,0,7897.97973026893,568,NA,568,15,NA,15,28,NA,28,469,33,8944.97973026893,NA,8944.97973026893
"7120000"," ""Museums, Historical Sites, and Similar Instituti",4457.88277072859,0,4457.88277072859,354,0,354,36,0,36,0,0,0,615,71,5391.88277072859,NA,5391.88277072859
"7121000"," ""Museums, Historical Sites, and Similar Instituti",4457.88277072859,0,4457.88277072859,354,NA,354,36,NA,36,0,NA,0,615,71,5391.88277072859,NA,5391.88277072859
"7130000"," ""Amusement, Gambling, and Recreation Industries""",13930.6057776714,0,13930.6057776714,10414,0,10414,246,0,246,109,0,109,7442,104,32037.6057776714,NA,32037.6057776714
"7131000"," Amusement Parks and Arcades",291.044848775038,0,291.044848775038,395,NA,395,0,NA,0,0,NA,0,519,-2,1207.04484877504,NA,1207.04484877504
"7132000"," Gambling Industries",926.335727396058,0,926.335727396058,609,NA,609,155,NA,155,9,NA,9,292,1,1990.33572739606,NA,1990.33572739606
"7139000"," Other Amusement and Recreation Industries",12713.2252015003,0,12713.2252015003,9410,NA,9410,91,NA,91,100,NA,100,6631,105,28840.2252015003,NA,28840.2252015003
"72"," Accommodation and Food Services",1596251,0,1596251,187948,0,187948,2149,0,2149,1169,0,1169,129502,12306,1904713,NA,1904713
"7211000"," Traveler Accommodation",375208.209275254,0,375208.209275254,101814,0,101814,1134,0,1134,126,0,126,71776,2890,547168.209275254,NA,547168.209275254
"7211100"," Hotels (except Casino Hotels) and Motels",375208.209275254,0,375208.209275254,101814,NA,101814,1134,NA,1134,126,NA,126,71776,2890,547168.209275254,NA,547168.209275254
"7211200"," Casino Hotels",0,0,0,0,NA,0,0,NA,0,0,NA,0,0,0,0,NA,0
"7211900"," Other Traveler Accommodation",0,0,0,0,NA,0,0,NA,0,0,NA,0,0,0,0,NA,0
"7212000"," RV (Recreational Vehicle) Parks and Recreational",0,0,0,0,NA,0,0,NA,0,0,NA,0,0,0,0,NA,0
"7213000"," Rooming and Boarding Houses",0,0,0,0,NA,0,0,NA,0,0,NA,0,0,0,0,NA,0
"7220000"," Food Services and Drinking Places",1221042.79072475,0,1221042.79072475,86134,0,86134,1015,0,1015,1043,0,1043,57726,9416,1357544.79072475,NA,1357544.79072475
"7221000"," Full-Service Restaurants",1221042.79072475,0,1221042.79072475,86134,NA,86134,1015,NA,1015,1043,NA,1043,57726,9416,1357544.79072475,NA,1357544.79072475
"7222000"," Limited-Service Eating Places",0,0,0,0,NA,0,0,NA,0,0,NA,0,0,0,0,NA,0
"7223000"," Special Food Services",0,0,0,0,NA,0,0,NA,0,0,NA,0,0,0,0,NA,0
"7224000"," Drinking Places (Alcoholic Beverages)",0,0,0,0,NA,0,0,NA,0,0,NA,0,0,0,0,NA,0
"81","Other Services",359852,0,359852,28822,0,28822,6434,0,6434,897,0,897,20654,2802,413857,NA,413857
"8110000"," Repair and Maintenance",156892.825386546,0,156892.825386546,11076,0,11076,2990,0,2990,261,0,261,6934,1174,176979.825386546,NA,176979.825386546
"8111000"," Automotive Repair and Maintenance",67466.8497126204,0,67466.8497126204,5579,NA,5579,373,NA,373,194,NA,194,2624,490,75746.8497126204,NA,75746.8497126204
"8112000"," Electronic and Precision Equipment Repair and Mai",34036.053306889,0,34036.053306889,2583,NA,2583,272,NA,272,19,NA,19,2258,276,38892.053306889,NA,38892.053306889
"8113000"," Commercial and Industrial Machinery and Equipment",46558.8778839148,0,46558.8778839148,2425,NA,2425,2056,NA,2056,48,NA,48,1674,340,52421.8778839148,NA,52421.8778839148
"8114000"," Personal and Household Goods Repair and Maintenan",8831.04448312151,0,8831.04448312151,489,NA,489,289,NA,289,0,NA,0,378,68,9919.04448312151,NA,9919.04448312151
"8120000"," Personal and Laundry Services",121889.473488221,0,121889.473488221,9406,0,9406,3104,0,3104,420,0,420,7666,1040,141445.473488221,NA,141445.473488221
"8121000"," Personal Care Services",32676.9703715697,0,32676.9703715697,2125,NA,2125,176,NA,176,244,NA,244,1724,289,36656.9703715697,NA,36656.9703715697
"8122000"," Death Care Services",25376.4038695054,0,25376.4038695054,2791,NA,2791,2705,NA,2705,110,NA,110,2506,236,33252.4038695054,NA,33252.4038695054
"8123000"," Drycleaning and Laundry Services",29909.965069214,0,29909.965069214,1792,NA,1792,175,NA,175,44,NA,44,1410,251,33079.965069214,NA,33079.965069214
"8129000"," Other Personal Services",33926.1341779325,0,33926.1341779325,2698,NA,2698,48,NA,48,22,NA,22,2026,264,38456.1341779325,NA,38456.1341779325
"8130000"," ""Religious, Grantmaking, Civic, Professional, and",81069.7011252327,0,81069.7011252327,8340,0,8340,340,0,340,216,0,216,6054,588,95431.7011252327,NA,95431.7011252327
"8131000"," Religious Organizations",0,0,0,0,NA,0,0,NA,0,0,NA,0,0,0,0,NA,0
"8132000"," Grantmaking and Giving Services",0,0,0,0,NA,0,0,NA,0,0,NA,0,0,0,0,NA,0
"8133000"," Social Advocacy Organizations",0,0,0,0,NA,0,0,NA,0,0,NA,0,0,0,0,NA,0
"8134000"," Civic and Social Organizations",1714.04553549745,0,1714.04553549745,57,NA,57,0,NA,0,0,NA,0,18,14,1775.04553549745,NA,1775.04553549745
"8139000"," ""Business, Professional, Labor, Political, and Si",79355.6555897353,0,79355.6555897353,8283,NA,8283,340,NA,340,216,NA,216,6036,574,93656.6555897353,NA,93656.6555897353
"8140000"," Private Households",0,0,0,0,0,0,0,0,0,0,0,0,0,NA,0,NA,0
"8141000"," Private Households",0,0,0,0,NA,0,0,NA,0,0,NA,0,0,NA,0,NA,0
"92","Public Administration",0,8242289,8242289,0,0,0,0,0,0,0,0,0,0,NA,8242289,NA,8242289
"9210000"," ""Executive, Legislative, and Other General Govern",0,6664875,6664875,0,0,0,0,0,0,0,0,0,0,NA,6664875,NA,6664875
"9211000"," ""Executive, Legislative, and Other General Govern",0,6664875,6664875,0,NA,0,0,NA,0,0,NA,0,0,NA,6664875,NA,6664875
"9220000"," ""Justice, Public Order, and Safety Activities""",0,1577414,1577414,0,0,0,0,0,0,0,0,0,0,NA,1577414,NA,1577414
"9221000"," ""Justice, Public Order, and Safety Activities""",0,1577414,1577414,0,NA,0,0,NA,0,0,NA,0,0,NA,1577414,NA,1577414
"9230000"," Administration of Human Resource Programs",0,0,0,0,0,0,0,0,0,0,0,0,0,NA,0,NA,0
"9231000"," Administration of Human Resource Programs",0,0,0,0,NA,0,0,NA,0,0,NA,0,0,NA,0,NA,0
"9240000"," Administration of Environmental Quality Programs",0,0,0,0,0,0,0,0,0,0,0,0,0,NA,0,NA,0
"9241000"," Administration of Environmental Quality Programs",0,0,0,0,NA,0,0,NA,0,0,NA,0,0,NA,0,NA,0
"9250000"," ""Administration of Housing Programs, Urban Planni",0,0,0,0,0,0,0,0,0,0,0,0,0,NA,0,NA,0
"9251000"," ""Administration of Housing Programs, Urban Planni",0,0,0,0,NA,0,0,NA,0,0,NA,0,0,NA,0,NA,0
"9260000"," Administration of Economic Programs",0,0,0,0,0,0,0,0,0,0,0,0,0,NA,0,NA,0
"9261000"," Administration of Economic Programs",0,0,0,0,NA,0,0,NA,0,0,NA,0,0,NA,0,NA,0
"9270000"," Space Research and Technology",0,0,0,0,0,0,0,0,0,0,0,0,0,NA,0,NA,0
"9271000"," Space Research and Technology",0,0,0,0,NA,0,0,NA,0,0,NA,0,0,NA,0,NA,0
"9280000"," National Security and International Affairs",0,0,0,0,0,0,0,0,0,0,0,0,0,NA,0,NA,0
"9281000"," National Security and International Affairs",0,0,0,0,NA,0,0,NA,0,0,NA,0,0,NA,0,NA,0
